﻿<?xml version='1.0' encoding='utf-8'?>
<Application xmlns='http://schemas.microsoft.com/windows/2009/Ribbon'>
	<Application.Commands>

    <Command Name="cmdButtonNew"
         Id="1001"
         LabelTitle="&amp;New"
         LabelDescription="New Description"
         TooltipTitle="New (Ctrl+N)"
         TooltipDescription="Create a new image.">
      <Command.LargeImages>
        <Image>Res/New32.bmp</Image>
      </Command.LargeImages>
      <Command.SmallImages>
        <Image>Res/New16.bmp</Image>
      </Command.SmallImages>
    </Command>
    <Command Name="cmdButtonOpen"
             Id="1002"
             LabelTitle="Open"
             LabelDescription="Open Description"
             TooltipTitle="Open (Ctrl+O)"
             TooltipDescription="Open an existing image.">
      <Command.LargeImages>
        <Image>Res/Open32.bmp</Image>
      </Command.LargeImages>
      <Command.SmallImages>
        <Image>Res/Open16.bmp</Image>
      </Command.SmallImages>
    </Command>
    <Command Name="cmdButtonSave"
             Id="1003"
             LabelTitle="Save"
             LabelDescription="Save Description"
             TooltipTitle="Save (Ctrl+S)"
             TooltipDescription="Save the current image.">
      <Command.LargeImages>
        <Image>Res/Save32.bmp</Image>
      </Command.LargeImages>
      <Command.SmallImages>
        <Image>Res/Save16.bmp</Image>
      </Command.SmallImages>
    </Command>
    <Command Name="cmdTabMain"
             Id="1004"
             LabelTitle="Main">
    </Command>
    <Command Name="cmdGroupFileActions"
             Id="1005"
             LabelTitle="File Actions">
    </Command>
    <Command Name="cmdQAT"
             Id="1006">
    </Command>
    <Command Name="cmdCustomizeQAT"
             Id="1007">
    </Command>
  </Application.Commands>

	<Application.Views>
		<Ribbon>
      <Ribbon.QuickAccessToolbar>
        <QuickAccessToolbar CommandName='cmdQAT' CustomizeCommandName='cmdCustomizeQAT'>
          <QuickAccessToolbar.ApplicationDefaults>
            <Button CommandName="cmdButtonNew" ApplicationDefaults.IsChecked="true" />
            <Button CommandName="cmdButtonOpen" ApplicationDefaults.IsChecked="false" />
            <Button CommandName="cmdButtonSave" ApplicationDefaults.IsChecked="false" />
          </QuickAccessToolbar.ApplicationDefaults>
        </QuickAccessToolbar>
      </Ribbon.QuickAccessToolbar>
      <Ribbon.Tabs>
        <Tab CommandName="cmdTabMain">
          <Group CommandName="cmdGroupFileActions" SizeDefinition="ThreeButtons">
            <Button CommandName="cmdButtonNew" />
            <Button CommandName="cmdButtonOpen" />
            <Button CommandName="cmdButtonSave" />
          </Group>
        </Tab>
      </Ribbon.Tabs>
		</Ribbon>
	</Application.Views>
  
</Application>
